{
    "identityPoolName": "allamplifychatt",
    "allowUnauthenticatedIdentities": false,
    "thirdPartyAuth": false,
    "lambdaLogPolicy": "auth_lambda_log_policy",
    "openIdLambdaRoleName": "auth_openid_lambda_role",
    "openIdRolePolicy": "auth_openid_pass_role_policy",
    "openIdLambdaIAMPolicy": "auth_openid_lambda_iam_policy",
    "openIdLogPolicy": "auth_openid_lambda_log_policy",
    "userPoolName": "allamplifychattuserpool",
    "autoVerifiedAttributes": [
        "email"
    ],
    "mfaConfiguration": "OFF",
    "mfaTypes": [
        "SMS Text Message"
    ],
    "roleName": "auth_sns-role",
    "roleExternalId": "auth_role_external_id",
    "policyName": "auth-sns-policy",
    "smsAuthenticationMessage": "Your authentication code is {####}",
    "smsVerificationMessage": "Your verification code is {####}",
    "emailVerificationSubject": "Your verification code",
    "emailVerificationMessage": "Your verification code is {####}",
    "defaultPasswordPolicy": false,
    "passwordPolicyMinLength": 8,
    "passwordPolicyCharacters": [
        "Requires Lowercase",
        "Requires Uppercase",
        "Requires Numbers",
        "Requires Symbols"
    ],
    "requiredAttributes": [
        "email"
    ],
    "userpoolClientName": "auth_app_client",
    "userpoolClientGenerateSecret": true,
    "userpoolClientRefreshTokenValidity": 30,
    "userpoolClientReadAttributes": [
        "email"
    ],
    "mfaLambdaRole": "auth_totp_lambda_role",
    "mfaLambdaLogPolicy": "auth_totp_lambda_log_policy",
    "mfaPassRolePolicy": "auth_totp_pass_role_policy",
    "mfaLambdaIAMPolicy": "auth_totp_lambda_iam_policy",
    "userpoolClientLambdaRole": "auth_userpoolclient_lambda_role",
    "userpoolClientLogPolicy": "auth_userpoolclient_lambda_log_policy",
    "userpoolClientLambdaPolicy": "auth_userpoolclient_lambda_iam_policy",
    "userpoolClientSetAttributes": false,
    "useDefault": "manual",
    "authSelections": "identityPoolAndUserPool",
    "resourceName": "auth",
    "authRoleName": {
        "Ref": "AuthRoleName"
    },
    "unauthRoleName": {
        "Ref": "UnauthRoleName"
    },
    "authRoleArn": {
        "Fn::GetAtt": [
            "AuthRole",
            "Arn"
        ]
    },
    "unauthRoleArn": {
        "Fn::GetAtt": [
            "UnauthRole",
            "Arn"
        ]
    }
}